"","Segment","Frequency","Percentage"
"1","likely to be loyal customer",889,29.6333333333333
"2","loyal customer",862,28.7333333333333
"3","big spender",358,11.9333333333333
"4","best customer",333,11.1
"5","new customer",290,9.66666666666667
"6","lost non-valuable customer",146,4.86666666666667
"7","lost customer",76,2.53333333333333
"8","almost lost",26,0.866666666666667
"9","Others",20,0.666666666666667
